,URL,date,head,text,class
0,http://news.livedoor.com/article/detail/4778030/,2010-05-22T14:30:00+0900,友人代表のスピーチ、独女はどうこなしている？,もうすぐジューン・ブライドと呼ばれる６月。独女の中には自分の式はまだなのに呼ばれてばかり……という「お祝い貧乏」状態の人も多いのではないだろうか？　さらに出席回数を重ねていくと、こんなお願いごとをされることも少なくない。「お願いがあるんだけど……友人代表のスピーチ、やってくれないかな？」さてそんなとき、独女はどう対応したらいいか？最近だとインターネット等で検索すれば友人代表スピーチ用の例文サイトがたくさん出てくるので、それらを参考にすれば、無難なものは誰でも作成できる。しかし由利さん（33歳）はネットを参考にして作成したものの「これで本当にいいのか不安でした。一人暮らしなので聞かせて感想をいってくれる人もいないし、かといって他の友人にわざわざ聞かせるのもどうかと思うし……」ということで活用したのが、なんとインターネットの悩み相談サイトに。そこに作成したスピーチ文を掲載し「これで大丈夫か添削してください」とメッセージを送ったというのである。「一晩で3人位の人が添削してくれましたよ。ちなみに自分以外にもそういう人はたくさんいて、その相談サイトには同じように添削をお願いする投稿がいっぱいありました」（由利さん）。ためしに教えてもらったそのサイトをみてみると、確かに「結婚式のスピーチの添削お願いします」という投稿が1000件を超えるくらいあった。めでたい結婚式の影でこんなネットコミュニティがあったとは知らなかった。しかし「事前にお願いされるスピーチなら準備ができるしまだいいですよ。一番嫌なのは何といってもサプライズスピーチ！」と語るのは昨年だけで10万以上お祝いにかかったというお祝い貧乏独女の薫さん（35歳）「私は基本的に人前で話すのが苦手なんですよ。だからいきなり指名されるとしどろもどろになって何もいえなくなる。そうすると自己嫌悪に陥って終わった後でもまったく楽しめなくなりますね」サプライズスピーチのメリットとしては、準備していない状態なので、フランクな本音をしゃべってもらえるという楽しさがあるようだ。しかしそれも上手に対応できる人ならいいが、苦手な人の場合だと「フランク」ではなく「しどろもどろ」になる危険性大。ちなみにプロの司会者の場合、本当のサプライズではなく式の最中に「のちほどサプライズスピーチとしてご指名させていただきます」という一言があることも多いようだが、薫さん曰く「そんな何分前に言われても無理！」らしい。要は「サプライズを楽しめる」というタイプの人選が大切ということか。一方「ありきたりじゃつまらないし、ネットで例文を検索している際に『こんな方法もあるのか！』って思って取り入れました」という幸恵さん（30歳）が行ったスピーチは「手紙形式のスピーチ」というもの。「○○ちゃんへ　みたいな感じで新婦の友人にお手紙を書いて読み上げるやり方です。これなら多少フランクな書き方でも大丈夫だし、何より暗記しないで堂々と読み上げることができますよね。読んだものはそのまま友人にあげれば一応記念にもなります」（幸恵さん）なるほど、確かにこれなら読みあげればいいだけなので、人前で話すのが苦手な人でも失敗しないかもしれない。主役はあくまで新郎新婦ながらも、いざとなると緊張し、内容もあれこれ考えて、こっそりリハーサル……そんな人知れず頑張るスピーチ担当独女たちにも幸あれ（高山惠）,love
1,http://news.livedoor.com/article/detail/4778031/,2010-05-21T14:30:00+0900,ネットで断ち切れない元カレとの縁,携帯電話が普及する以前、恋人への連絡ツールは一般電話が普通だった。恋人と別れたら、手帳に書かれた相手の連絡先を涙ながらに消す。そうすれば、いつしか縁は切れていったものである。しかし現在は、携帯電話がありメールがあり、インターネットを開けば、ブログで相手の晩飯までわかってしまう赤裸々なご時世。切っても切れない元カレとの縁に独女たちは何を思うのであろうか？「5年前に別れた彼からメールが届いてビックリしました」とは尚美さん（36歳）「彼の浮気が原因で別れたのですが、現在は独り身らしいことが書いてありました。ただ、私には婚約間近の恋人がいるのでスルー。もし自分に相手がいなかったら、復活愛はあったかも。出会いの機会が少ない独女にとって、いい時代と言えるのでは？」彼と交際していた当時、尚美さんは実家に住んでいた。もしもメールも携帯電話もない時代だったら、恐らく彼からの連絡はあり得なかっただろう。一方、美加子さん（38歳）は「一般電話だけの時代のほうが、縁を切りにくかったですよ」という。「今はメモリ頼りになっている分、電話番号やメールアドレスを消去してしまえばそれまでってところがありますからね。ずるずる引きずろうと思えば引きずれるし、切ろうと思えば切れる。ひと昔前は彼の電話番号を暗記していたものです。受話器を上げたり戻したり……気持ちを断つのが難しかったなぁ」知恵さん（34歳）も同意見だ。「情報は自分が情報網を使えば入ってくるが　自分次第でシャットアウトできるもの。だけど私は、“別れた彼と絶縁すべき”とは思っていません。心が癒されるまでの期間は連絡を断ちきり、それ以降はメールを送るなどして、友達関係に戻ることが多いですね」オール・オア・ナッシングだった以前に比べ、今は縁を切る、友人に戻る、メル友関係を続けるなど、別れた後の関係性を選択できるようになった。未練が残っているうちは辛いが、ツールを上手く使えばメリットを得られることもあるだろう。ただし、落とし穴もある。最後に、律子さん（35歳）のトホホな話を紹介。「10年前につきあっていた元彼とは、節目節目にメールをしています。“マイミク”で日記にコメントを書き込んだりもするし、年賀状もやりとりする仲。元彼はすでに結婚して子どもが二人いるんですね。最近はすっかり中年太りしてきてマイホームパパって感じ。いい人ではあるけど、すっかり気持ちが冷めた今となっては、なぜ自分があれほど彼に執着していたのか疑問に思えてくる。過去の恋愛の想い出をきれい残したいのなら、知らないほうがいいこともあるかもしれません」恋の思い出は脳内で美化されるもの。ネットなどで友情関係を続けるのはよいが、同時に淡く切ない恋の思い出は生活感、現実感にまみれてしまうことがあるので、繋ぎすぎには注意したいところ。ま、お互い様ですけどね。（来布十和）,love
2,http://news.livedoor.com/article/detail/4782522/,2010-05-23T11:00:00+0900,相次ぐ芸能人の“すっぴん”披露　その時、独女の心境は？,「男性はやっぱり、女性の“すっぴん”が大好きなんですかね」と不満そうに話すのは、出版関係で働く香さん（仮名／31歳）。というのも、最近ブログにすっぴん写真を掲載する芸能人が多く、それがニュースになり話題になることがあるからだ。今年に入ってから、“すっぴん”をブログで披露した芸能人は、小倉優子、安倍なつみ、モーニング娘。の田中れいな、優木まおみ、仲里依紗など、年齢も活躍しているジャンルも様々。私生活をリアルタイムに発信できるブログだからこそ、皆それぞれにリラックスした表情で自分のすっぴんを公開している。ファンにとっては、好きな芸能人の素顔が垣間見れる嬉しいサービスなのだろう。では、なぜ芸能人のすっぴん顔披露に、彼女は疑問を抱いたのだろうか。「私のひがみだと言う事は重々承知なんですけど、“随分自分に自信があるんだな”って、素直にその美しさを認める事が出来なくて…」と話す香さん。「コメントに“すっぴんでもかわいい！”とか、“メイクしなくても全然OK！”とか賞賛ばかりが並ぶのを見越して、すっぴん写真を公開してるんだなって思うと何か複雑ですね」と付け加えた。本来ファンサービスである為のすっぴん披露を、「話題を呼ぶ為や、コメントで褒められたいから」行っているのでは？　と、独女はつい“ナナメ”に見てしまう様だ。また、メーカーで営業をしている裕美さん（仮名／32歳）は「男性の“すっぴん幻想”には参りますね。そりゃ素顔がキレイならば私だってすっぴんで出社しますよ。でも、毎日少しでもキレイになりたいと一生懸命メイクしている努力も認めて欲しいな」と独女なりの乙女心を明かしてくれた。「10代や20代前半の若い女の子がすっぴんを載せているのは、“ああ、やっぱり可愛いな”と心から思えるんですけど、私と同年代の人が披露していると自分のすっぴんと比べてゲンナリします」と、美しい芸能人すっぴんを見た後に独女達は人知れず傷ついているのである。さて、芸能人のすっぴん披露、実際に男性の評判はどうなのだろうか。アパレル企業に勤める雄介さん（仮名／34歳）は「個人的に女性のメイクした顔に魅力を感じないから、すっぴんを見るとすごく可愛いと思う」と賛成派。一方、IT企業で働く徹さん（仮名／28歳）は「人によるけど、何でわざわざブログに載せるんだろうとは思います。本来、女性のすっぴんは大切な相手にだけ見せて欲しいんですよ。“あ、俺だけに見せてくれた”って感じで（笑）」と男性陣の意見もそれぞれの様だ。今後、ブーム化する予感もあるブログでのすっぴん披露。肯定派と反対派に分かれている様だが、男性が女性の“すっぴん”に特別な想いを持っている事は確か。独女達も、いつかすっぴんを披露するその時の為に、素顔を磨く必要があるのかもしれない。,others
3,http://news.livedoor.com/article/detail/4788357/,2010-05-25T14:00:00+0900,ムダな抵抗！？,ヒップの加齢による変化は「たわむ→下がる→内に流れる」、バストは「そげる→たわむ→外に流れる」という。バストの変化はすでに20代から始まり、20代にして「たわむ」になっている人もいる。そして、元に戻った人は一人もいない。さらに、体の各部位の20代〜50代までの変化をみると、ウエストとお腹の変化が最も大きく、お腹はバストと同じ大きさになっている。これは、４月に開催されたワコール人間科学研究所の記者発表「からだのエイジング（加齢による体型変化）について一定の法則を発見」での内容の一部。延べ4万人分の経年変化の数値を集計・分析したデータとともに、写真や映像で説明させるので説得力は抜群だ。現実を直視させられた後に、体型変化の少ない人達の身体的特徴や日常の行動・意識を紹介。その主な内容は、日頃から体を動かし、姿勢をチェック、下着は必ず試着してフィット感を確かめるというもの。そして、パネルディスカッションでは、歩幅の広い歩き方を１年間続ける実験に参加した人が、背筋が伸び、脂肪が落ちたという結果などが紹介されていた。興味は尽きず、知人たちに内容を伝えるとさまざまな意見や経験が聞けた。「ずっと計測されているから、体型変化の少ない人はスポーツをしてたのでは？」という疑問もあったが、この回答は、「運動を一生懸命しているというより日常生活を気をつけている印象が強い。そして、ダイエットはあまりしたことがない」とのこと。「叔母もそんなことを言っていた」と言うのはＹ子。60歳代の叔母さんが友人たちと温泉旅行に行ったとき、「バストの変化が少ないとほめられた」と喜んでいたので、バストのケア方法を尋ねたそうだ。「叔母はブラジャーを常に着用し、購入時は必ず計測して試着している。一方、友人達は『苦しい』からと家ではブラジャーをしないこともあるらしい」。それを聞いて以来、Ｙ子は下着を買うときには試着はもちろん、計ってもらうようにしている。「私も歩いてやせた」と話すのは、腰痛に悩まされていたＫ子。医師に筋力の低下を指摘されて、駅までの自転車を止めて、片道30分の道のりを毎日往復歩くことに。筋力をつけるために始めたことで体全体が引き締まり、結果として減量にも成功した。「でも、スポーツすればしまるよね」と言うＡ子は、不摂生がたたって気になり始めたウエスト回りをスポーツクラブに通って改善。ジーンズがワンサイズ小さくなったと喜んでいる。パネルディスカッションでは、「加齢は一方通行だが、現状維持は可能」「アンチエイジングは医学界でも注目だが、身体的な美しさの維持と健康維持の関係性は表裏一体のはず」とも言われていた。それならば、体型変化という加齢への抵抗はあきらめないほうが得策だ。杉本彩が言っていたっけ、「若いころに戻りたいとか、若く見られたい、とは思わない。今の自分がどう美しくあるかを追求したい」って。（オフィスエムツー／オオノマキ）詳細はコチラ,others
4,http://news.livedoor.com/article/detail/4788362/,2010-05-26T14:00:00+0900,税金を払うのは私たちなんですけど！,6月から支給される子ども手当だが、当初は子ども一人当たり月額2万6000円が支給されるはずだった。ところが、初年度は半額支給となり、さらに2011年度以降も子ども一人当たり月額2万6000円の支給は見送られそうだ。先日は在日外国人男性がタイで養子縁組をしたと称する554人分の子ども手当を申請しようとして市から却下されたニュースが報じられたが、悪い人間がちょっと考えれば簡単に不正ができるような不備だらけの子ども手当って、一体どうなっているの？ と支給されない側の独女からも疑問の声が聞こえる。現在独身の由梨さんは、「私立の幼稚園にベンツで送り迎えをしているような家にどうして子ども手当が必要なの？」と一律支給にはどうしても納得できないと訴える。「子ども手当はフランスの真似をしたと聞いていますけど、フランスでは子ども手当は“家族手当”といい所得制限はありません。でも家族手当が貰えるのは第2子からで20歳まで支給され、３人目からは割増の家族手当が貰えるそうです。子ども手当が少子化対策を目的にしたものなら、フランスのように2人目から手当を出すべきではないですか？」一律支給だけをフランスの真似をするのはおかしいという。それに少子化対策と言われながら、子ども手当を当てにして出産しようという声は聞かない。「政権交代をすればなくなるかもしれない手当を期待して、今から結婚してもすぐに妊娠するとは限らないし、無事出産の暁には子ども手当は廃止されているかもしれないですよね」その可能性もなきにしもあらずだ。子ども手当の使い道について子どものいる主婦に聞くと、将来の教育費のために貯蓄に回すという人が多かった。それについても、「子どもが欲しくてもできなかった家庭がその費用を負担するのはとてもお気の毒な気がします。それに本当に子どものために使われるのならいいのですが、親がギャンブルに使ったり、親の遊興費に使われるために私たちの税金を使ってほしくないですね」と由梨さん。バツイチの綾さんは、「子どものいない夫婦も、独身も、働いて税金を納めることで次世代を担う子どもたちを育てることに貢献する。それが子ども手当だと思っていましたが、子どものいる家庭にいくはずのお金がどんどん減らされ、それがどこへ行くのかわからないし、申請書の偽装で、私たちの税金が外国人の子どものところに行くのは納得ができません」と制度の不備に怒っている。「所得制限限度額のある児童手当を増額するべきなのに、全世帯平等に子ども手当てをばらまくのは選挙のための人気とりしか思えません。これで政権が変われば子ども手当はどうなるのか？」もしこのまま子ども手当をばら撒かれれば、将来子ども手当をもらった子どもたちが増税という形でつけを払わされるのではと綾さんは心配もしていたが、財政難を地方に泣きつく地方負担に地方自治体から反発の声が上がっている。一体どうなってしまうのか？ 今後の子ども手当をしっかり見守りたい。ところで今回、子どものいない独身の人たちに意見を聞いたのだが、「子ども手当」は自分たちには関係ないのでよく分からないという独女が多かった。介護保険についても、実際自分が親の介護をする立場になって初めて内容かを知ったという人が多いのだが、どんな制度も国会を通過して施行されれば私たちの納めた税金が使われるのだ。知ることも文句を言うことだって私たちの権利だと思う。無関心でいるよりはよほどいいのではないだろうか。（オフィスエムツー／佐枝せつこ）,others
5,http://news.livedoor.com/article/detail/4788373/,2010-05-30T14:00:00+0900,読んでみる？描いてみる？大人の女性を癒す絵本の魅力,書店で偶然『うさぎのくれたバレエシューズ』(小峰書店 安房直子/著、南塚直子/イラスト)という絵本を見つけたモトコさん（27歳 薬剤師）は、懐かしさと嬉しさで胸がいっぱいになった。「バレエを習っていた私は、この絵本を読むと励まされる気がして、小学校の図書室で何度も読みました。どうしても欲しくて母と近所の書店を探したんですけど見つけられなくて…」とモトコさん。優しいピンク色が印象的な『うさぎのくれたバレエシューズ』は、表紙が見えるように今モトコさんの部屋に飾られている。広告代理店に勤務するマサエさん（40歳）のお気に入りは『100万回生きた猫』（講談社 佐野洋子/著)。小学生の頃、図書館で頻繁に借りていた本だ。「6年生になって、周りの子が厚い小説を読んでいるのに、私は相変わらず『100万回生きた猫』を読んでいました。母から『もっとちゃんとした本を読みなさい』って注意されたこともありましたが…。今なら、母に『これは特別な本よ』と言えます。当時も子どもなりに絵やストーリーから、いろいろなことを感じていたんでしょうね」（マサエさん）絵本の穏やかストーリーや柔らかな絵に癒される女性は多い。周囲の女性たちに聞いてみると、大人になってから購入した絵本は、新しく出版されたものより「子ども時代に読んだ本」や「特別な思い出がある本」が多いようだ。美しい絵が印象的な『ごんぎつね』（偕成社 新美南吉/著、黒井健/イラスト)や『てぶくろを買いに』（偕成社 新美南吉/著、黒井健/イラスト)、ちょっとクセのあるサンタが登場する『さむがりやのサンタ』（福音館書店 レイモンド・ブリッグズ/著、すがはらひろくに/翻訳)なども人気が高い。懐かしい絵本を開くとき、忘れていた子ども時代の「感性」がふと蘇えるのだろう。大人になってから絵本の魅力を発見した人もいる。子どもの頃、絵本にはほとんど感心がなかったナオミさん（36歳 メーカー勤務）が絵本に惹かれたきっかけは、友人のお子さんにプレゼントした『ぐりとぐら』（福音館書店 なかがわりえこ/著、おおむらゆりこ/イラスト)。「絵も可愛いし、大きなカステラは美味しそうだし、何より『ぐりぐら　ぐりぐら』という言い回しに、はまっちゃいました。『ぐりぐら　ぐりぐら』ってつぶやくと、ちょっとくらい嫌なことがあっても、どうでもよくなっちゃいます（笑）」（ナオミさん）読んで癒される絵本だが、最近は、自分で絵本を描いてみたいと思う女性も増えているらしい。大阪で「大人のための絵本講座」を開いているイラストレーターのおおさわまきさん（星未来工房）に、絵本を描く魅力について伺った。「絵本は目でイメージしその世界に入り込める奥深いものです。文章と絵で構成されているので、いろいろな見方ができるし、たくさんのことを伝えられるのが魅力です。絵本講座を受講した生徒さんたちは、一度絵本を仕上げると『もっと作りたい、楽しい！』と目を輝かせますよ。絵本作りは、年齢関係なく誰にでもできる癒しの世界だと思っています」絵本作りのコツについてお聞きすると「私が絵本作りの勉強し始めた頃、先生から『難しく考えたらダメだよ』と繰り返し言われました。難しいと思うとどんどん描けなくなるんですよね。だから、自分も含めて、難しくないことからはじめていこうと強く思いました。そして、何よりも童心に戻ることが大切です。子どもは何でも素直に楽しむでしょう。大人も『恥』とか『かっこよく』とか考えないで、遊び感覚で自然に絵本作りに取組むことが大切です」（おおさわさん）。子どものように素直に描けるようになると、考え方も自然と柔軟になってくるはず。大人という枠組みや常識という枠組みから離れて、自由に空想し、自由に描くことで、心が癒されていくのだろう。最後に、おおさわさんにお勧め絵本を紹介していただいた。「『ちきゅうになった少年』（フレーバル館　みやざきひろかず/作・絵）が大好きです。毎日忙しくストレスをかかえる人にとって、人間でないものに生まれ変わってみたいという願望をおもしろく表現していると思います。疲れたとき、辛いことがあったとき、逃避したいとき、心を休める１冊です。また、水彩画は脳や心を緩め、癒してくれる画材なのでとてもお勧めですよ」（おおさわさん）絵本を読んでみたいが、どんな本が自分に向いているかわからないという人は、まず図書館の絵本コーナーへ行って見るといい。何冊も手に取る間に、自分の好みの絵やストーリーに出合えるはず。読み終えたとき気持ちが前向きになれる本がいい。（オフィスエムツー／神田はるひ）・取材協力 -星未来工房　おおさわまき,others
6,http://news.livedoor.com/article/detail/4788374/,2010-05-28T14:30:00+0900,大人になっても解決しない「お昼休み」という問題,昨年の秋、希望の職種に転職したカナコさん（30歳／ 商社勤務）。やりがいのある仕事を得て充実した毎日を送れるだろうと思っていたのだが、思いがけない問題に悩んでいる。「女性社員は休憩室で一緒にお昼ご飯を食べるのですが、そのときの話題が社内の噂話や悪口ばかりで驚いています。社内不倫の話から男性社員の品定め、他の支店の女性社員の悪口など、毎日毎日よくネタが尽きないものだと感心するくらい。うんざりしています」（カナコさん）もちろん女性でも社外に食べに行く人もいるが、後で先輩女性から嫌味を言われたり、根も葉もない噂を立てられたりということも…。「お昼休みが近づくと憂鬱になります。30代になって、お昼休みのことで悩むとは思ってもいませんでした」（カナコさん）忙しい一日の中で、唯一休息できるのがお昼休みという人も多いはず。気の合う仲間と美味しいお弁当やランチサービスを食べ、楽しい会話ができたなら、午後の仕事も頑張れるだろう。でも、思い通りにならないことも多い。ムツミさん（29歳　医療関連）の再就職先は、女性社員はムツミさんを入れて4人だけ。長い間一緒に働いている女性3人の結束が固いのが問題だ。「休憩室が一箇所なので、お昼は一緒に食べるのですが、先輩3人の仲が良すぎて、私は話題に入れません。最初は黙って話を聞いていたのですが、だんだん居づらくなって…。今は食べ終わったらすぐに机に戻って雑誌を読んでいます」（ムツミさん）この会社では、新しく女性社員を入れても短期間で辞めてしまうことが多いという。1人でお昼休みを過ごせるムツミさんを見て「長く勤めてもらえるかもしれない」と上司は期待しているらしいが…。派遣社員のエリさん（27歳）は、以前は「1人でお昼休みを過ごすのは辛い」と感じていたが、派遣社員になり複数の会社を経験するうちに「1人の気楽さ」に目覚めたという。「たまに同じ課の人と社外に食べに行くこともありますけど、雑誌を見ながら自分の机で食べることが多いですね。後はメールを書いたりして過ごしています。今の派遣先は、女性同士の束縛がないのでとても気楽です（笑）」（エリさん）エリさんの話によると、お昼休みに皆で『昼ドラ』を見る会社もあるという。ドラマ好きのエリさんはそれなりに楽しかったが、中には、先に席をたって給湯室で時間をつぶしている女性社員もいたそうだ。「会社によってお昼休みの過ごし方はだいぶ違います。女性社員は必ず一緒に食べるという暗黙のルールがある会社では、それぞれ黙って携帯を見ながら食べていましたよ。7〜8人いるのにシーンとしているんです。これはかなり辛かったです。あとは、一番年上の女性社員の方が話好きで、お昼休みの間中は、ひたすら皆で彼女の話を聞かなくてはいけないという会社もありました」（エリさん）小学生の頃、遠足の前になると教室のあちこちで「○○ちゃん、一緒にお昼を食べようね」という約束が取り交わされていた。いつも私は、ドキドキしながら友だちのOKを待っていたように思う。先生は内気な子を心配して、リーダー格の生徒に「お昼には○○ちゃんも誘ってあげてね」などと根回しをしたり、「今回は皆で食べましょう」と声をかけたり…。高校に入学したばかりの姪は「すぐにお昼を食べる友達ができて良かった」と嬉しそうに話してくれた。幾つになっても、お昼休みを誰とどこでどう過ごすかは大きな問題なのだ。余談になるが、禁煙のオフィスが増えている昨今は、喫煙派のお昼休みの過ごし方も変わってきている。知人の勤め先では、今春からビル内に喫煙できる場所が無くなったため、仕方なく最寄り駅の喫煙所まで煙草を吸いに行くという。「タバコを吸うためだけに、喫煙できるカフェに毎日行くわけにもいかないですし、室内で吸っていると洋服に煙草の臭いが染み付くので、今は駅の屋外の喫煙場所がありがたいです」と知人。雨の日の昼休みは、駅までの道のりを考えると憂鬱になるらしい。（オフィスエムツー／神田はるひ）,others
7,http://news.livedoor.com/article/detail/4788388/,2010-05-29T14:30:00+0900,結婚しても働くのはなぜ？,「彼の収入が少ないから私も働かなければならないし、それを思うと結婚はもう少し先でもいいかな」と結婚を躊躇する独女がいる。彼女は彼の収入だけで暮らせるのなら、仕事は今すぐにでも辞めたいらしい。つまり専業主婦志望なのだが、彼の年収を聞いて首を傾げた。この金額で本当に生活ができないのだろうか？かつて専業主婦が多かった時代、主婦の働き先はなく、今月もかつかつだとこぼしながらも、夫の稼ぎだけで暮らしていた家庭が多かった。しかし今は不況で夫の収入が減ったとはいえ、外食、ブランド品購入、安いツアーとはいえ海外旅行にも行っている。食べるだけで精一杯の昔に比べれば、ものすごく贅沢ではないだろうか？成人した二人の子供がいる専業主婦の紀世子さん（56 歳）は、「今は専業主婦がセレブのように言われますけど、私はブランド品も持ったことがなければ、家族で海外旅行にも行ったことがないんですよ。夫の収入だけで充分とはいいませんけど、贅沢さえしなければ毎月何とかなったものです」という。子供が小学校に入学すると、塾の費用を捻出するためにパートに行く主婦もいたが、紀世子さんの家庭はご主人の方針で塾には一切通わせず、兄は水泳、妹は習字と、週に一度の習い事に通わせただけだそうだ。「私立中学受験で塾に通わせているご家庭は大変そうでしたよ。塾の費用が一か月5万円と聞いてびっくりしました。そこまでして私立に行かせて、その後も莫大な教育費がかかるのに大変だとあと思いました」紀世子さんの長女は私立の女子大学に入学したが、中学・高校から持ち上がりできた友人には小学校の時の同級生もいる。「中高一貫教育の必要性はよく分かりませんが、結局同じ大学に通うなら何も高い教育費を払って中学から行く必要がないのでは？」これは私の考えですがと紀世子さん。仕事に生きがいを持ち自分のために働いている主婦もいるが、家族で海外旅行に行ったり外食をしたり、生活水準を上げるために働いている主婦もいる。自分の稼ぎでブランド品を買う主婦もいるが、やはり主婦の働く目的の大半は子供の教育費の捻出だろう。教育費は、子どもが生まれてから大学卒業まで一般に1000万円以上もかかると言われている。幼稚園から大学まで私立なら2000万円は超す。となれば教育費のために働かなければならないわけだが、幼稚園から私立にやるのはどうしてなのだろうか？「子供に誇れる学歴をつけてやりたいからです」私立幼稚園入学を目指している幼児の母親、A子さんはいうが、誇れるとはすなわち母親の価値観で、他の子と比べて自分の子供は特別なことをさせているという母親自身の見栄もあるのかもしれない。子供を私立幼稚園に行かせたり、ブランドの服を着せたりすれば、母親もそれに見合う服装やバックを身につけなければならなくなる。そういう生活がしたいけれど、夫の収入でできなければ、我慢すればいい。我慢できなければ働けばいい。けれど、働く目的が子供のためであるなら、なにが本当に子供にとって幸せなのかを考えるべきではないだろうか。彼の収入が少ないとか夫の稼ぎが足りないとこぼす女性たちの胸の内は、なくてもいいものをあえて欲しがる暮らしを求めている気がする。人と競い合うことで向上することもあるが、家庭における幸せとは決して比べたり競い合うものではないと思う。前述の紀世子さんだが、学校から帰ってくるといつも「お帰りなさい」と待っていてくれるお母さんがいてくれて嬉しかったと成人した娘さんから言われたそうだ。「能力も資格もないので家にいて節約しているだけの生活でしたが、子供と過ごせた時間は楽しかったですよ」養ってくれた夫にも感謝しているという紀世子さんの言葉がものすごく新鮮に聞こえた。働いて得るものもあるが、節約して作った時間で得るものもある。彼の収入が少ないと思うのなら、やりくりという算段を覚えることをしてみてはどうだろうか？ 結婚はいろいろ頭で考えているより、実際生活をしてみればなるようになるものです。（オフィスエムツー／佐枝せつこ）,love
8,http://news.livedoor.com/article/detail/4791665/,2010-05-27T16:50:00+0900,お肌に優しいから安心　紫外線が気になる独女の夏の対策とは？,これからの季節、お肌の天敵と言えば“紫外線”。マーケティング会社トレンダーズ株式会社が、20、30代女性に「UVケア」に関する意識調査を実施した所、99%の人が「外出するとき、UVケアが必要」と回答。もはや、UVケアは女性にとって常識となっている事が分かります。アンチエイジングを目指す独女にとってもUVケアを見逃す事はできません。「紫外線が気になるのは、1日のうちどんなシーンですか？」という質問に対しては、最も多く挙がったのが「通勤時」で、半数以上が回答。「紫外線が気になる時間帯」については、最も多かったのが、「12時〜15時」で83%。次いで「9時〜12時」が67%、「〜9時」(43%)と、働く女性がUVケアを意識するのは、朝の時間帯だという事が分かります。実際、「朝にUVケア」をしているのが87%にのぼり、「朝の通勤時間が一番紫外線を浴びる。（36歳・不動産広告デザイン）」「通勤時に日やけをしてしまうので欠かさずしている。（29歳・商社経理）」と、日焼けやシミを防ぐ為には“朝のUV”ケアがマストの様です。具体的なUVケアの方法としては、最も多かったのが「日やけ止めを塗る」で、全体の92%が回答。次いで、「日傘」(59%)、「帽子」(39%)と続いています。手軽に塗れてしっかりUV対策ができる「日やけ止め」が女性の支持を集めました。「日やけ止めは、1日に何回塗り直しますか？」という質問に対しては、平均で「0.94回」と、およそ1日1回塗り直していることが明らかに。汗をたくさんかいた時はもちろん、知らず知らずのうちに効果が低下しているのが不安で、つい何度も塗りなおしてしまいますが、日々忙しい、独女にとってはその時間すら惜しい所。また、肌への負担も気になります。また、「日やけ止めに求めるものは何ですか？」という質問によると、「日やけ止め効果」（93%）という日やけ止めにとって、マストの効果となる回答に次いで「肌への負担の少なさ」(88%)、「ベタつかないこと」(73%)と意見が多く、ただUVケアが出来る事だけでは無く、“お肌に優しいこと”が重要になってくる様です。そんな、UVケアと肌への優しさ両方を大切にしたい女性にオススメしたいのが、新しくなった日やけ止め「アネッサ」。地上のあらゆる紫外線をカットしてくれるだけでは無く、今までの日やけ止めにありがちだった、べたつきや白浮きが無く、サラサラの使い心地です。最近、紫外線をジリジリとお肌に感じながらも日やけ止めを使うことで「肌の負担になるのは嫌」と、使い損ねていた独女の皆さんは、ぜひ試してみては？詳しくはこちら・アネッサ - 資生堂,others
9,http://news.livedoor.com/article/detail/4796054/,2010-05-31T14:00:00+0900,初回デートで婚カツ女子がゲンメツする行為って？,合コンやパーティー、そして料理教室から農業まで。さまざまなスタイルで男女の人気を集める婚カツ。初対面の男女が限られた時間で次の約束に向け、好意の相手に戦略を駆使し、やっと繋げた初回デート。それなのに、2度目の連絡がさっぱりというのはよくある事。その理由には、相手が思わず引いてしまう行動を知らずにとってしまっている可能性があるのは否めない。結婚紹介サイトのyoubrideが、会員向けに提供している恋愛相談投稿コーナーに寄せられた相談内容を見ると、婚カツ女子が初回デートで好む傾向が見えてくる。それが、洗練かつ清潔感あるシチュエーション。初回からお酒を楽しむようなムーディーすぎるレストランや、チープなファストフードはNG。初回のデートでは、ゆっくりとくつろげる空間で、会話を楽しみつつ相手をもっと深く知りたいという意見が多い。回答のひとつ、「初回デートがマクドナルドだった。騒がしい中で話しも落ち着いてできない。最悪。もう2度と会いたくない」といった、女子がゲンメツしてしまうシチュエーションはなるべく避けたい。また、35歳男性の「デート代を割り勘にしたい」との質問に対しては「割り勘でかまない」という、女子の意外な一面も伺える。29歳ポテコさん（仮名）の「私は割り勘派です。確かに時間を割いてお会いしていますが、それは男性の方も同じですからね。会ってあげているなんて言える身分でも無いですし、合わなくても後腐れ無くお別れできますし。もちろんお金を出さなくて良いよなんて言って貰えれば嬉しいですけどね」とのコメントしかり、軽めの食事なら負担も少ないのから割り勘もOKが、女子の本音のようだ。しかし中には、「初めてお会いして割り勘だと相手に脈がないと思います」（35歳女性）、「最初のデートで割り勘は嫌ですね。がっくりきます」（40歳女性）とのシビアな回答があるので注意したい。結局、女子たちが希望する初回デートは、明るい時間内に、自分にも相手にも負担がない程度の金額で、ゆっくりと話がしたいというのが理想。なら、男性が初回デートでリサーチすべきは、お洒落なカフェやランチが楽しめるレストラン。これなら、シチュエーションでゲンメツされることはないはずだ。さらに、軽めの食事なら懐具合にも影響がないだろうから、「この人は！」と思う相手なら、なるべく奢る方が2度目のデートにつながる確率が高くなりそうだ。昨年実施した「独女通信」「youbride」の合同企画パーティーで、ジャーナリストの白河さんが行った婚カツレクチャーでも、次回へ繋ぐアドバイスとして、「男性の方にお願いしたいことは、最初の1回。例えばスターバックスのコーヒー1杯だけでもおごってあげてください。そこだけで損をしている方がいます」と、ポイントを披露している。素敵な出会いを、初回デートでもっともっと深い縁を結べるよう、ぜひ応用してしてみてはいかがだろう。youbride.jp - 公式サイト,love
10,http://news.livedoor.com/article/detail/4799780/,2010-05-31T16:00:00+0900,ゆるキャラ、ネクストジェネレーション,独女のココロを優しく癒すゆるキャラたち。ドアラ、ひこにゃん、せんとくんなどなど、そのクオリティの如何に関わらず、なぜか「大ブレイク」してしまうところもゆるキャラの魅力。一度火がつけばその人気は一気に全国区となり、関連商品は飛ぶように売れまくる。そのゆるキャラ界で新たなスターとなりそうな1匹（？）こそ、ダイハツ自動車「ムーヴコンテ」のCMに登場している「カクカクシカジカ」だろう。コミカルな声にあわせ「カクカクシカジカ」と軽妙な動きを見せるシカ——、といえば、一度は目にしたこともあるはず。初登場は、新車ムーヴコンテが発表された08年8月のCMで、「このカクカクしたクルマ、いいところがシカジカ。ゆえにカクカクシカジカ」と、クルマの説明なのか、自己紹介なのかすらも不明なセリフで登場。以降、自分がシカであるくせに、干支の牛や虎になるために気ぐるみを着てみたり、ムーヴコンテに搭載されている新技術の「CVT」を「ちょっと ヴぃっくりな 低燃費」と解説するなど、ちょっとひねくれた辛口評論家という設定を無視するかのごとく、キャラが独走を続けている。そのゆるキャラのネクストジェネレーションであるカクカクシカジカのオリジナルグッズがもらえるキャンペーン「カクカクトクトクフェア」が、6月5日（土）、6日（日）の両日で開催される。期間中にダイハツのお店に来店すると、抽選で「カキ氷器」「折りたたみ傘」「ペットッボトルホルダー」がもれなく当たるという。フェア告知用のCMも製作されているようで、今回、カクカクシカジカが扮するのはサッカーの審判。ワールドカップというタイミングに合わせての演出のようだが、今作も適当なゆるさを楽しませてくれるはず。CMは本日よりOA。「かわいらしく、スタイリッシュな軽自動車」というブランドイメージを持つダイハツが、さらに女性からの支持率を上がりそうなゆるキャラの躍進。この週末には普段はなかなか行く機会がないディーラーにゆるキャラ目当てで行ってみるのもいいかもしれない。・カクカクトクトクフェア・奔放な振る舞いを見られる過去のCMアーカイブ【コチラ】■「カクカクトクトクフェア」2010年6月5日（土）〜6月6日（日）全国のダイハツのお店※一部のお店では実施していない場合がございます。■景品1等 カクカクシカジカ　カキ氷器2等 カサカサシカジカ　折りたたみ傘3等 ゴクゴクシカジカ　ペットボトルホルダー,others
11,http://news.livedoor.com/article/detail/4799892/,2010-06-01T14:30:00+0900,だからモテない!?　恋愛下手のダメメール,今や携帯電話のメールは恋愛にとって欠かせないツール。しかし、私たち独女世代が携帯電話を手にしたのは20代。携帯メールに出会ったのは20代後半〜30代である。若いコたちのように、上手に使いこなせないこともしばしばだ。たとえば「おやすみ」のような挨拶ごときでメールを送ったりはしない、逆にパソコン感覚で長文メールを送ってしまう、絵文字・デコメに抵抗感を覚える…などなど。さらに、独女独特の恥じらい、自意識過剰、気遣い、遠慮、物理的な忙しさが加わると、どうしようもなくモテないダメメールを送ってしまうことがある。佳子さん（33歳）は、律儀な性格そのままにメールをもらったらすぐに返信をするタイプ。ゆえに彼からの返信が24時間以上空くと、不信感にさいなまれてしまう。「相手との関係が、友達以上恋人未満のときは『もう私には興味がなくなったのかも』『じつは彼女がいるのかも』と、いても立ってもいられない。かと言って、自分からメールすることはできないんです。で、3日後くらいに相手からレスが来たらすぐ返信。でもまたメールが途絶えて不安になる……の繰り返し。メールに気持ちを左右されるのに面倒くさくなり、こちらからメールを送るのをやめてしまったってパターンは何度かありますね」相手からメールが来なければ、自分からメールを送ることができない。佳子さんは「私、積極的になるのが苦手だから」と草食系独女らしい発言をする。男性から返信が来ない場合、「教えてもらったラーメン屋さんに行くけど、おすすめのメニューはある？」など返信しやすいライトな内容のメールを送るのが、モテメールの王道。だが、佳子さんにとっては至難の業なのだ。反対に、メールに対してドライなのが愛さん（36歳）。彼からの長文メールに1行で返信をし、不評を買ってしまった経験がある。「内容は次のデートプラン。提案が二つあったので、『Ａ案でよいです』のように簡潔に答えてしまいました。仕事に忙殺されていたので、ちまちまとメールを打つのが面倒だったんですよね。彼はガッカリしたみたいです」愛さんは、とくに要件のないメールを送るのが苦手だ。携帯電話操作も未だ不慣れで、携帯メールは自宅のパソコンに転送。“メール返信作業”は土日にまとめて行っている。あまりにも男性的なのである。江利子さん（37歳）は「絵文字が使えない」。意味深なハートの絵文字はもってのほか。せいぜい苦笑の表情を用いる程度だ。「絵文字を使わない理由？　可愛くしようと思わせているように思われたくないからです。年齢も年齢ですし、とくに男性に対しては、デコメールを送れませんね。ただ、ハートの絵文字を使う女性の心理はわかります。カワイイ便箋でお手紙を書きたいのと一緒で、メール全体を華やかにしたいだけ。深い意味はないのですよね。わかってはいるのですが、私は使えません」以上、三者三様のモテないメールを紹介したが、共通点があったのにお気づきだろうか？じつは、全員が相手の男性に対する好意をまったくメールで表現しようとしていない。むしろ、隠そうとしている節すらあるのだ。「好き」を上手に表現できれば、たとえ絵文字がなくても短文でも、一気にモテメールになるのになぁ。（来布十和）,love
12,http://news.livedoor.com/article/detail/4799908/,2010-06-02T14:00:00+0900,通えば結婚できる？　結婚予備校ってどんなところ？,"「初めて“婚活”に勝てる学校出来ました！」ふと、ネット上でそんなキャッチフレーズを見かけたのでクリックしてみると、今年2月に東京・青山に開校したという「青山結婚予備校　インフィニスクール」というところのものだった。結婚をするための予備校……ついに婚活ブームもここまできたか。一体結婚予備校とはどんな場所なのか？　そもそも結婚できる方法というのは予備校で学ぶべきものなのか？　そして一体どんな人が通っているのか？　通いたいかどうかは先ず置いておいても、独女だったやはりいろいろな興味が出てくるのではないだろうか。ということで知られざる「結婚予備校」に足を踏み入れてみることにしたのである。まず、こちらのスクールに通っている人達は20代半ばから30代後半くらいの会社員の方がメインとのこと。20代半ばといったら一番の結婚適齢期だし、正直こういった学校に通わなくても貰い手がありそうな気がするのですが……。「やはり時代的なものもあって、若い方は安定志向が強く、早く結婚したいという方が増えています。逆に30代女性は可哀想なんですよ。この世代は男性よりも女性のほうが人数が多いから、取り残される人が多いのは当然です」こう語るのは学校を主催する校長の佐竹悦子さん。さらに「生徒さんの傾向としては前向きで、自分磨きが好きな方が多いですね。またいわゆる一般の結婚相談所に通ったことがなく、まさに『独女通信』を読んでいるような普通の女性が多いと思います」（広報　佐藤留美さん）そしてこちらの受講内容だが、こちらの通称「婚活女子力強化メソッド」という講座の内容をざっと紹介すると「結婚女子力メイクアップ講座」「恋愛メールマナー講座」「デート・食事マナー講座」「女子力MAXコーディネイト講座」など。まず特徴としては外見磨きや一般的なマナーの向上に力を入れていることが分かる。この２つはやはり結婚において重要ということでしょうか？「外見は重要ですよ。人の印象は最初の６秒で93％が決まるという有名な法則がありますよね。これは本当にその通りなのです。パッとみてタイプじゃないと判断したら、男性はその女性を“ＯＫポケット”に入れることはまずありません。そうなるとその先もないんですね。逆に女性は後から印象が変わっても多角的に男性を評価することができますが、男性はダメ！　第一印象が悪かったらそこで終わります」（佐竹さん）き、厳しい……。しかしだからといって「『外見が良くなきゃダメ』という表層的なものばかりが大事というわけではないんですよ」とフォローするのは広報の佐藤さん。「大事なのは“どこに向かって訴求しているのか”ということです。誰に向かってモテたいのか？　もし恋愛はうまくいくのに結婚には至らないということであれば、もしかしたら訴求の対象が間違っていたのかもしれません。つまり“彼女”として見られたいのか“お嫁さん”として見られたいのか、ということです」（佐藤さん）。つまり「彼女」と「お嫁さん」とでは、目指す外見磨きの方法も違うということか。ちなにこちらが考える「彼女」と「お嫁さん」の目指す方向の違いは「一生を共にできるかどうか、一緒に生活をするイメージができるかどうか？」ということだとか。「一言でいえば“快適”ということです。結婚に“刺激”はあまり必要ありませんし、特に男性が一番嫌うのは女性のヒステリーです」（佐竹さん）。ちなみに通っている生徒さんの中には、「長く交際しているのになかなか結婚できない」という彼氏とスッパリ別れ、気分一新で入校した女性もいるとか。「交際したら最低でも2年以内に結婚を決意させられなければもう無理です。人の気持ちは1年数カ月くらいしか持ちません。もちろん例外はありますけど、女性はやはり早く結婚しないと、ご自身の人生設計も狂いますからね」（佐竹さん）なお、こちらでは結婚講座のほかに「結婚相談所機能」も併せ持ち、日本結婚相談所連盟に所属する、23,000人の会員から結婚相手を選び、お見合い申し込みができるようになっている。つまり「結婚の戦略」と「出会いの場」が両方提供される仕組みになっているのだ。そして気になる費用はスクールのみのコースの場合3カ月のカリキュラムで（1年間有効）、入会金等すべて合わせて20万円。さらに結婚相手紹介機能のみのコースであればこちらも20万円。２つのコースを同時に申し込むと30万円となっている。これを高いと思うか安いと思うかは人それぞれの判断だろう。結婚したいけどできない、そんな独女の方はたくさんいるだろう。もちろん自分の力だけで結婚できればそれに越したことはないが、佐竹さんのような“結婚のプロ”に後押ししてもらい、結婚を勝ち取るのも一つの方法であるのは間違いない（高山惠）青山結婚予備校　インフィニスクール",love
13,http://news.livedoor.com/article/detail/4799929/,2010-06-03T14:30:00+0900,コンビニのレジ前でついつい買ってしまうもの,日本中、小さな街にもひとつくらいコンビニがある。いつでも気軽に欲しいものが手に入るコンビニは、独身者の生活には欠かせないものだ。きっと、自宅の最寄りの駅を降りて、用もないのにコンビニに寄るのが習慣になっているという人も少なくないはず。そして、なんとなく店内をブラブラしていると、「何か買おうかな？」となり、会計を待っている間にレジ前に並べられた和菓子やキャンペーン商品が気になって「あ、コレも……」とついつい買ってしまったという経験がある人もいるのではないだろうか？そこで、独女のみなさんに「レジ前の商品で魅力的な商品とは？」という質問を投げかけてみた。すると、続々と情報が寄せられてきた。「レジ前のホットスナックはヤバい。ジャンクな匂いに誘われてつい買ってしまう。実は半分くらい食べたら満足なのだが、残すのもナンだから無理矢理口に押し込んだ結果、年齢のせいか胸焼けして後悔する。なのに、どうしてもやめれない！」（雅子さん／33歳）「2月は海苔巻き、３月ならひなあられ、５月なら柏もちみたいな感じで、季節の商品を買うことが多いです」（貴代美／27歳）「世代的にガンダムモノにはつい惹かれてしまいます。少し前に、セブン-イレブンが各メーカーとコラボしてガンダム商品をたくさん売り出していて。セブンに行く度に、ガンダムチロルチョコを買ってました…。」（桂子さん／32歳）「コンビニの店舗によって、たまにレジ前にマンガの新刊が並んでいるときがあるんです。愛読している『バガボンド』が並んでいるときは即買いします！」（絹代さん／31歳）「以前ダイエットをしているとき、無性に甘いものが食べたくなってレジ前に並んでいたおまんじゅうをひとつ買いました。自分で食べるために和菓子を買うことがなかったのですが、そのときのおまんじゅうがやけにおいしく感じて。それ以来、お団子とか最中に惹かれるようになりましたね」（真美／32歳）コンビニの店舗によって商品は違っていても、お弁当（パン）や雑誌など置いてある品目が被っていることが多い。それなのに、レジの前という限られたスペースでこんなに見ているところが違うのは面白い。今度は逆に「レジ前だからこそ、欲しいものは？」という質問をしてみた。ぜひ次の回答にも期待して欲しい。「野菜ジュースとかゼロカロリー飲料。弱っているときほど「ビタミンC」「コラーゲン」「カルシウム」「鉄分」とか成分を表に出している商品に心が揺さぶられますからね。冬になるとホットドリンクがレジ前に出ている店舗がありますが、夏は冷蔵庫にしてパック入りの野菜ジュースとかを置いたらいいと思う」（麻理子さん／30歳）「独女は“ちょっと食べたい”が多いと思うんです。だから小さくておいしくて、さらに安いパンとかあったら嬉しいです」（みよしさん／36歳）「季節に限らず大好物のアイスを食べるのが習慣です。でも、100円のサイズのアイスだとカロリーが気になるし、ミニサイズがいくつか入った箱入りだと物足りなくてもうひとつ食べちゃう。100円サイズの2割減した量のアイスが欲しいです」（しほりさん／34歳）「お弁当とかパンを買うことが多いんですが、ご飯にちょっとかけたい小袋のふりかけとか、パンに塗って食べるチーズとかジャムがあったら手に取りやすいかも」これらの結果を見ると、レジ前にあるものは絶対必要ではなく、「あったらいいな」というのがポイントのようだ。また、陳列する商品には季節感も大事。これからますます暑くなるが、個人的には冷房がききすぎたオフィスの防寒用に、貼るカイロだけは切らさないで欲しい。（パンチ広沢）,others
14,http://news.livedoor.com/article/detail/4799933/,2010-06-04T14:30:00+0900,その後の結婚生活を占う披露宴での費用分担,女性の夢と憧れを実現する場といえば、結婚披露宴だ。そこは、女性の「プロデュース力」が試される場でもある。会社員の麻巳子さん(仮名／32歳)も、そのプロデュース力を発揮した一人だが、結婚式を経験した今「何百万という費用がかかる結婚式は、二人だけでなく、両家の金銭感覚の違いが明らかになる場。そこをどう乗り越えるかで、その後の結婚生活も変わってくる」と、実感しているという。麻巳子さんの場合、新郎にほとんど貯金がなかったため、結婚式の費用を麻巳子さんの貯金と麻巳子さんの両親が準備しておいてくれた支度金でまかなうことにしたという。「でも、私たちが利用した会場では、事前に全額振り込まなければならなかったため、ほんの少しだけ足りなかったんです。そこで、彼の両親に『貸して欲しい』とお願いしたところ、あっさり断られてしまいました。彼の両親は、特にお金に困っているわけではなく、結婚式の費用を私の貯金と、私の親の援助でまかなっていると知っていたはずなのに……」披露宴を終えて結婚生活を送るうち、「とにかく自分はお金を出さずに済ませたい」という彼の両親の考え方が、新郎にもしっかり引き継がれていることを実感したという。「共働きなので生活費は折半なのですが、夫は『今月はいろいろあって苦しいから』と、勝手に自分の生活費を減額したりする。今後、子供が生まれても、出産やお宮参りなどの行事のたびにお金で悩んだり、両家の援助格差を感じるのかと思うと憂鬱です」。結婚５年目の聖美さん(仮名／35歳)も、夫やその実家との金銭感覚のズレに悩まされたひとり。「夫は『若いうちは貯金なんてするな』という親の話を真に受けて、貯金をしたことがなかった。そこで結婚が決まった時、毎月二人で同じ額を貯金することにしました」。何とか貯金もでき、聖美さんの親が用意していた結婚資金と合わせて結婚資金をまかなうことになったが……。「彼の親からは特に援助の申し出はありませんでした。それは気にならなかったのですが、私たちが必死にやりくりしているのに、『この人の引き出物はいくらにしなさい』と一方的に言ってくるので困りました。『資金が限られているので』と伝えましたが、『言う通りにしろ』の一点張り。受け入れたら、最終的に新郎の親も援助してくれることになりました」前出の麻巳子さん同様、聖美さんもその後の結婚生活で、夫の金銭感覚のルーズさに悩んだという。披露宴や新居の準備など、結婚の際はとにかくお金の問題がたくさん出てくるもの。その時、違和感やズレを感じたカップルは、その後の結婚生活でも金銭感覚のズレに悩みやすいのかもしれない。一方、「相手の親が出しすぎて困る」というケースもある。会社員の夫と暮らす静香さん(仮名・34歳)の場合、「金も出すが、口も出す」という夫の親に戸惑ったという。「結婚式で『こんな演出をしなさい』から始まり、私たちが家を買った時は、勝手に家中の電化製品を発注してました。『足りない分はお前たちが払え』と言われたので、私たちがいらないと判断したものは、買うのを拒んだのですが、『知り合いの店に頼んだから、断るのは恥ずかしい』と怒られました」。頼んでもいないのに援助を押し付けられ、振り回されているという。「夫の実家は裕福なので、夫も親に援助してもらうことに抵抗がないみたい。『自分のことは自分で』と育った私には、ちょっと違和感がありますね」。育った環境によって金銭感覚は異なるのは当然だが、価値観が近い方が問題は生じにくいかもしれない。フリーデザイナーの史恵さん(仮名／39歳)は、結婚の決め手になったのが「相手と金銭感覚が同じだったこと」だという。「お互いに子供の頃、お金で苦労していたこと、お金がなければないなりの生活ができること。それがあったから、結婚に踏み切れました」史恵さんたち夫婦は結婚後もお金でもめることはほとんどないそうだ。幸せで安定した結婚生活を実現するのは、「お金がたくさんあること」ではなく、「二人が同じ価値観でお金と向き合っていけること」なのかもしれない。(栗頭渋子),love
15,http://news.livedoor.com/article/detail/4809271/,2010-06-05T10:00:00+0900,韓国人の彼氏が徴兵されることについて,"独女編集部、独女代表Mです。韓国では、天安艦事件が起こり物々しい雰囲気に包まれていますが、日本の独女にも、影響が飛び火するような出来事が起こりました。それは先日、韓国人のカレを持つK子（27歳）から、衝撃の告白を受けました。「実は、カレシが徴兵されることになったの……」なんだか最近、様子がおかしいと思ったら……。何を話してもうわの空だった理由がわかりました。韓国に徴兵制度があるというのは、韓流スターのニュースなどでなんとなく知っているという女子も多いのではないでしょうか？ただ、徴兵制度のない日本人の私たちにとって、その実情にピンと来ないのが本音のところ。時に、日本も徴兵制度をとるべき、との意見を主張する著名人もいますが。しかし、韓国人のK子の彼に言わせると、徴兵制度は「牢屋にぶち込まれるようなもの」と思うほどに苦痛なものなのだそう。「でも、2年間で帰ってくるんだよね？」と、私が訪ねると、「新米で何の訓練も受けてない若者の兵士は、危ない任務につかされることが多いみたい。最初の１ヶ月は、交通事故よりも死亡率が高いみたいなの」と、K子。思わずK子に「本末転倒じゃ……、訓練を受けてないと危険な任務もこなせないのでは？」と聞いてしまいました。「だから来週、仕事を急遽休んで、万が一に備えて、会いに行ってくるわ！」と話すK子も、彼が死と隣り合わせであるという現実を受け入れようと必死で、そのショックぶりは目にあまるほどに痛々しいものでした。韓国の徴兵は、仕事をしていても海外にいても、問答無用で帰国させられ、兵役制度に遣わされるそうで、常に60万人の若者が動員されています。徴兵制度の厳しさに耐え切れず、自殺をする人も少なくないそうです。なかでも、トルコの徴兵制度は、世界で有数のスパルタ指導だそうで、周辺国も恐れるほどなのだとか。中東に位置する地域は、危機管理が徹底しているのでしょうか。今の日本には、義務としての徴兵制度はありません。最近の日本の若者は、概して草食男子だといわれ、女子にとって頼りがいが感じられないのも事実。フリーターやニートになるくらいだったら、日本男児全員がたくましくなるよう、1,2年は国のために仕えることもあってもいいのでは？任期を終えて、日本男児としての自覚と、体力的なたくましさ、そしてなにより心も鍛えられたら、日本も少し、変わるのでは？と正直何度か考えたことがあります。しかし、K子の現実を目の当たりにして、もし自分に彼や夫がいて、危険な目に合うと思うと・・・・・。恐ろしいばかりです。戦後75年が経った平和な日本に住む私たち。しかし、すぐお隣では、緊迫する韓国・北朝鮮問題など、対岸の火事だけではすまされない現実もあります。独女の私たちも、どう行動すれば将来の子どもたちのために、この幸せが続けられるか、個人から考えないといけない時期なのかもしれません。",love
16,http://news.livedoor.com/article/detail/4809276/,2010-06-07T14:00:00+0900,「おばさん」と呼ばれたら？,「わからないことがあったら、あそこにいる『おばさん』に聞いて」という同僚男性の声に気づいて顔をあげたカオリさん（33歳 メーカー勤務））。アルバイトの大学生たちに仕事の説明をしている同僚の視線は、間違いなくカオリさんに向いていた。その場の勢いというか雰囲気で、大学生たちに会釈したカオリさんだが、なぜ、同世代の同僚男性から「おばさん」と呼ばれなくてはいけないのか納得がいかない。さらに納得がいかなかったのは、その出来事を話したときの友人たちの反応だった。「大学生から見たら、おばさんかもね。残念だけど、そういう年になったのよ」とか「その場でムキッとなっても、かえってイタイだけ。カオリの会釈は『大人の対応』だと思うよ」といった話ばかり。同僚男性への批判めいた言葉はほとんどなく、カオリさんや自分たちへの慰めのような話ばかり飛び出した。友人たちも、会社やプライベートで似たような体験があるらしい。子どもがいる場合は、若くても自分のことを「おばさん」と言う人も少なくないが、未婚女性の場合は、20〜30代、40代になっても「おばさん」と呼ばれることに抵抗を感じる人は多いようだ。「おばさん」という言葉には「外見を気にしない」「女性らしさを感じない」「老けて見える」といった見た目のイメージはもちろん、「図々しい・遠慮がない」など行動面でのマイナスイメージも含まれているからだろう。しかし、あえて「おばさん風」或いは「おばさんキャラ」になることで、周囲と良い人間関係を築いている人もいる。ハツミさん（38歳 輸入関連）が勤務する会社の女性社員は、ほとんどが20代。いつの間にか30代はハツミさん１人になっていた。「数年前までは、20代の子たちと話を合わせたり、一緒に飲み会に言ったりしていたんですけど…。私も楽しくないし、20代の子たちだって、私に気を使っているようで、だんだんキツくなっちゃいました」（ハツミさん）ハツミさんの場合、自分から「私、おばさんだから」などとは決して言わない。身だしなみにも気を使っている。しかし、知らないアイドルなどの話題が出れば素直に「ねえねえ、その人って人気あるの？」などと聞き、気になるファッションの女子がいれば、遠慮なく着こなしについて聞く。「ちょっと図々しいかなと思いながらアレコレ聞いても、案外とみんな楽しげに教えてくれるし、話も盛り上がるんですよ。ときには、上司に遠慮なく言いたいこと言うこともあります。無理して若ぶっていたときよりも、開き直ってからのほうが、職場の人間関係も上手くいっています」（ハツミさん）「おばさん」という言葉が極度のマイナスイメージを持つようになったのは、「オバタリアン」という言葉が登場したころからだろう（1989年の流行語大賞・金賞を受賞）。「図々しく、羞恥心がなく、無神経で自分勝手な中年の女性たちを表す』代表的な言葉「オバタリアン」は、今、巷でいわれる「おばさんの定義」と重なる部分が大きい。どんなに気を使っていても、ときには、仕事やプライベートで悪意を感じる「おばさん」という言葉を聞くこともあるだろう。ムカつき、頭にくるかもしれない。ただ、そんなときに限って、イライラしていたり、「無理している」と感じていたり…ということもある。しかし、そんなときこそ、マイナスをプラスに変えてみたい。まずは、鏡で自分をチェックして、何が「おばさん」のイメージを醸しだしているのか確かめる。年齢とファッション、年齢と行動が合わなくなってきているかもしれない。心の中は大丈夫？ イメージチェンジの良いきっかけになれば、災い転じて福となるはず。余談になるが、お菓子やケーキのブランドには「○○おばさんのクッキー」「○○おばさんのチーズケーキ」といった名前をみかける。ふくよかな女性のキャラクターからは、親しみやすさとお菓子の美味しそうなイメージが感じられる。もし「おばさん」と呼ばれるならば、そんな親しみやすく優しい雰囲気を醸し出したいものだ。（オフィスエムツー／神田はるひ）,others
17,http://news.livedoor.com/article/detail/4809277/,2010-06-08T14:00:00+0900,既婚女性に聞く！,今秋、結婚予定のミホさん（27歳 会社員）は、このところ結婚後の住まいのことで頭がいっぱいだ。「両親からは、子育てのことを考えて実家の近くを勧められていますが、彼の通勤時間が1.5倍くらいになるのが問題です。彼は、都内の社宅を考えていたんですけど、築30年と古い上に狭いんです。それで、今は実家と会社の中間あたりを探していますが、なかなか決め手が無くて…」（ミホさん）「お部屋探し・家探し」と言われて、すぐに浮かぶのは、家賃、間取り、会社までの通勤距離、駅からの距離や交通の便、周辺の環境など。家賃や間取りが好条件であっても、最寄駅から遠かったり、終バスの時間が早かったりでは困ってしまう。商店街近くは便利だが、深夜過ぎまでうるさくては暮らせない。1人暮らしをする際も考えるべきことは多々あるが、結婚生活では、家は生活の拠点となるだけに、家はもちろん、「町」にも注目する必要がでてくるだろう。既婚女性は、何にこだわり、どんなことに注意して家や街を決めているのだろうか？ 興味深い話を紹介したい。「10年前、今の住まいに引っ越してきました」というのは結婚18年目になるセツコさん（44歳 パート）。「その時、こだわったのは、夫の通勤時間、小学校や幼稚園までの距離。あとは、公園やスーパーの有り無しとか…」（セツコさん）決め手となったのは「実際に家を見に来たときの周囲の印象」だった。「紹介された賃貸マンションにも、周囲のマンションにも、自分達と同じ子育て世代が多いことがわかりました。近くのスーパーには、お子さん連れの人が多かったし、マンションのどのベランダにも子どもの洗濯物がたくさん並んでいたのが嬉しかったですね。道を挟んだ隣がスーパーで、野菜が安かったのもよかったです」（セツコさん）何気なく見たベランダの洗濯物やスーパーで見かけた親子連れから、町の雰囲気を感じとったのは、さすが既婚女性といえる。家々のベランダにきちんと干された洗濯物からは、そこに住む人たちの世代や生活の雰囲気がわかるし、親子連れの様子からは、子育て世代の家庭の雰囲気が伺える。親子関係の良さは、そのまま学校などの雰囲気にも反映されるだろう。セツコさんが暮らす町には、中規模のスーパーが点在しているが、商店はさほど多くない。しかし、日々の物は町内で揃うし、車で30分以内の場所に郊外型のショッピングモールもあるので不便は感じないそうだ。「10年暮らしてみて感じる『この町の面白さ』は、駅を中心に町内の中を移動する人が多いことだと思います。2DKから3LDKへとか、賃貸マンションから分譲マンションや家を購入したお友だちも少なくありません。転勤で地方へ行った人が、帰って来ることも結構あります。住みやすいんですよね」（セツコさん）その理由を次のように説明してくれた。「子どもがいる家庭が多いせいか、それぞれ『上の子の学校つながりのママ友』もいれば、『下の子の習い事つながりのママ友』もいて、人間関係も情報網も密です。でも、ママ友同士で集まるのは、誰かの家ではなくファミレスといった、干渉しすぎない距離感が気楽だし暮らしやすさにもつながるのかなと。ただ、こればかりは長く住んでみないとわかりません」（セツコさん）住む町を決めるときは、できれば、休日と平日、昼間と夜に足を運びたい。平日にチェックするのは、どんな人が歩いているかということ。小さなお子さん連れの若いママたちを見かけるか、年配層を多く見かけるかによっても、自分にとっての住みやすさは変わる。子どもがいる家庭といない家庭では、住みやすさの基準も異なるだろう。休日は平日とは異なる人の流れがチェックできる。家の周りや駅前の夜の様子を見ると、治安の良し悪しも見えてくるはず。そして、もうひとつチェックするとしたら、そこに住む人たちの服装かもしれない。極端な例では、ギャル風やセレブ風のファッションなどが考えられるが、それほどの違いはないにしても、同世代でも、よく見るとエリアごとに少しずつ違うことに気がつく。服装からは、着る人の価値感やセンス、生活レベルなどが感じられるのだ。平日のスーパーや公園を行きかう同世代の人のファッションの好みが自分と似ていたら、案外と暮らしやすい町かもしれない。（オフィスエムツー／神田はるひ）,love
18,http://news.livedoor.com/article/detail/4814763/,2010-06-09T14:30:00+0900,友達が多い人って、実は性格がよくない！？,子供の頃、「友達はたくさん作りなさい」と学校でも家庭でも教わらなかっただろうか？偏らず、いろんな性格の友達と接することは成長過程では大切なことであり、人間関係を学ぶ基礎にもなる。友達が多い子供は誰とでも仲良くすることができる＝性格がいい子。そんなふうに捉えていたが、大人になった今、友達が多い人とはどんな人をいうのだろうか？職場の同僚のことなんですけど、「彼女は自分が友達だと思えば、どんな人も友達としてカウントしてしまうんです」と話すのは奈々子さん(32歳) 。「先日も仕事でたった一度会っただけのタレントさんを自分のブログの日記に、友達として写真まで掲載していたんです」奈々子さん以外にも驚いた同僚が、肖像権の問題もあるからすぐに削除するか掲載許可をとった方がいいとアドバイスをすると、「いいのよ。彼女とは今度飲みにいく約束をしているから」と涼しい顔でいうのにはさらにびっくりである。「約束なんてしていないんですよ。その場には私も同席していましたが、今度飲みに行きましょう。ああ。いいですね。みたいなノリで」結局、写真は削除したのだが、「親友でも写真は載せられないのね」と一度しか会っていない有名人を親友ってどういうこと？ と呆れました。以来奈々子さんは、彼女の話は信用しないようにしているそうだ。この同僚のように思い込みで友達ができるなら、友達が多い人＝思い込みが強い人という図式が成立しそうだ。「いつもグループで行動をしている50代の独女がいるんですけど」というのは真奈美さん(35歳)。「レストランはともかくコンサート会場でも、その女性が集団で会場に現れたときはびっくりました。人を集めるのが大好きな彼女が誘うらしいんですけど、誘われた人によれば、食事はたいてい彼女がご馳走をしてくれるし、仕事上でもいろいろお世話になっているから断りきれないと、かなり無理をしてお付き合いしているようです」一体どんな仕事をしている人なのだろうか？「不動産収入があって、その人はブティックを経営しています。家族はいないので独り暮らしですが、いつも自宅に人を招いています。彼女は自分では友達が多いと言っているそうですが、それって友達ではなく取り巻きというのではないでしょうか？」取り巻きとは金持ちや権力者につきまとって機嫌をとること。゛取り巻き゛というのを友達とはいわないようだが、大人になると友達の判断基準も難しくなる。あの人は顔が広いとか、人脈のある人を友達が多いように錯覚をしてしまうのだが、「人脈と友達は違う」と話すのは会社経営者の叔父さんがいる有美子さん (28歳)。「叔父は社長業で多忙なのに、月に一度、異業種交流会を主催しているんです。建設関係やマスコミ関係に音楽家まで、いろんな分野の人を集めています。そこで仕入れた情報は、自分の友人、知人にもれなくメールで知らせています。他にも講演会やセミナーには頻繁に出席して、その後の懇親会で名刺交換をして人脈を更に広げています。人脈は作るだけでなく維持しなければならないから、叔父は家では夕食はとらず、毎晩、外で人脈たちと食事をしているようです」人脈を作るには時間とお金そしてマメな性格は不可欠。ビジネスの世界で人脈の多い人ほど評価が高いのだが、大辞泉によると人脈とは、ある集団・組織の中などで主義・主張や利害などによる、人と人とのつながりと仕事に役に立つ人間関係とある。「叔母に聞いたのですが、叔父は人脈はあっても、実は友達は少ないんです。友達も仕事が絡んでしまうと以前のように付き合えないようです」大人になると友達をつくることは子供の頃より難しい。友達は人脈だったり取り巻きだったり、でもどんな関係であっても、新しい縁を作るには行動を起こさなければならない。人を誘うにはそれなりのセッティングがいるし、気配りだって必要だ。たくさんの人と付き合っている人たちはそれなりの努力はしていると思う。ところで筆者の友人で友達の多い人がいる。いつも感心するのだが、彼女は他人の悪口を決して言わない。「そりゃあ、私もムッとすることはあるけど、気にしていたら友達なんてやってられないし、ムッとしてもそこまで腹がたたないのは、友達でも距離を置いているからだと思う」広く浅くが彼女流の友達づきあいの秘訣だというが、友達はたくさんいると気疲れする。理解しあえる友達が一人でそれで十分だという人もいる。大切なのは友達の数ではなく友達がいるかいないかではないだろうか？子供の頃、「たくさんの友達をつくりなさい」と教えた大人たちの真意は、たくさんの中からオンリーワンの友達を見つけることを示唆していたのだろう。（オフィスエムツー／佐枝せつこ）,others
19,http://news.livedoor.com/article/detail/4814765/,2010-06-10T14:30:00+0900,オレオレ男子に妥協できない独女の微妙な境界線,「いいなーと思う30代独身男はみんな売却済だもんねー」というのは、独女たちにとって、もはやお決まりのセリフ。30代独女たちに「出会い」について聞いてみると、飲み会や友人の紹介で知り合う「いいな」と思う独身男性は大抵が20代半ばだそう。素敵な30代独身男性を見つけるのは至難の業なのだ。そんな数少ない（？）30代独身男性ケンタクンと飲み会で知り合ったミサキさん（34歳）は、ケンタクンに対し「頼もしい感じでグイグイ引っ張ってくれそう」と好印象。お互い電話番号とメアド交換をした直後、彼から電話がきたという。「最初の電話で彼自身のことを延々と2時間聞かされました。一語一語酔いしれながら自分ヒストリーを語るっていうのかな。さすがに2時間は疲れちゃったけど、いい人そうなのでアリかなと思ったんですよね」というミサキさん。その後、彼と食事の約束をして初デートに挑んだ。「彼の話は、とにかく自分の夢物語ばかり。映画は『ノッティングヒルの恋人』が好きで何十回も観てるだとか、海外で音楽プロデューサーをやりたいだとか、現実味のない話を語っては一人悦に入っていました。だって、実際は30すぎの普通のサラリーマンですからね。もちろん、それ以来会っていません」モテない男性のダメな部分ランキング（gooランキング調べ）によると、「自分の話ばかりする人」が5位にランキング入り。また、今回の取材でも30代男性に限らず「自分の話ばかりする人はイヤ」という意見が圧倒的多く、その他、「人の話をきかない人」「自慢ばかりする人」「面倒くさい人」と続いた。飲み会で隣に座った30代独身男性タツヤクンから「男は年収だ」と言われたマキさん（35歳）は、「そんなに自慢するほどの年収でもないのに、『俺、年収○○○万だから』と豪語してました。『男はカネだ！』という時代って終わっていませんか？ その後、何度か彼から電話がありましたが相変わらず自慢ばかり。モテ自慢、エリート自慢、仕事できる自慢。悪いけど正直、そんなにモテそうな人ではありませんでしたよ（笑）」また、ジュリさん(30歳)は、よく行くバーで何度か顔を合わせたことのある30代独身男性リョウクンからデートに誘われた。「まぁ、成り行きでホテルに行きました。そこから発展する恋愛もアリだと思っているので。Hをした後、『オマエ、オレのこと好きになっただろ』って。いきなりオマエ呼ばわりだし、昔のドラマのようなセリフで自己陶酔している彼に興醒めしてしまって、何も言えませんでした」その後、彼から着信や女々しいメールが何度も来て困ったというジュリさん。残念なのは、もうなじみのバーに行けなくなってしまったことだ。最後に、ユウコさん（33歳）のエピソードをご紹介しよう。「飲み会で知り合った30代独身男性カズトシクンと初めてのデートをした時、彼が『芸能人で誰が好き？』と聞いてきたので、適当に『松潤』と答えたら、『俺じゃん！』と返答され、本当に困りました。冗談ではなくて本気だったので、ポカーンとしてしまって（笑）。うーん、松潤に似ているとしたら顔が濃いところだけかな。リリー・フランキーさんあたりに『オマエは松潤というよりは、ねづっちに似てる』とか言ってもらって、目を覚ましてもらいたいですね。彼はかなりの勘違い野郎だけど、今のところ許せる範囲なのでおつきあいしています」草食男子に物足りなさを感じている独女たちにとって、ちょっとくらいオレオレ的なところがある男は非常に魅力的なのだが、自分の話ばかり、自慢ばかり、面倒くさいオレオレ男子ともなると手に負えない。妥協するべきか、このまま突き進むべきか。独女たちにしてみても、妥協できない自分に「これくらいの我慢は必要なのかも」と自己嫌悪に陥り、妥協したらしたで「これでよかったのかな」と躊躇し、どちらも答えが出せないのである。しかし、どこかで踏ん切りをつけることも必要かもしれない。草食でもない、オレオレでもない、脂がのっている30代男性はどこにいるのやら。あ、そういう人は街でベビーカー押してるのか…。（オフィスエムツー／堂ナツコ）,love
